,place,total,death,date,code
0,‹“s•{,2598643,2355,2018-01-01,260002
1,‹“ss,1471722,1229,2018-01-01,261009
2,nan,118708,115,2018-01-01,none
3,nan,84916,75,2018-01-01,none
4,nan,168337,149,2018-01-01,none
5,nan,110852,88,2018-01-01,none
6,nan,37829,42,2018-01-01,none
7,nan,134695,116,2018-01-01,none
8,nan,82666,55,2018-01-01,none
9,nan,101094,82,2018-01-01,none
10,nan,203897,155,2018-01-01,none
11,nan,149880,107,2018-01-01,none
12,nan,278848,245,2018-01-01,none
13,‚P‚SsŒv,998363,990,2018-01-01,none
14,•Ÿ’mRs,77945,97,2018-01-01,262013
15,•‘’ßs,81926,119,2018-01-01,262021
16,ˆ»•”s,32852,56,2018-01-01,262030
17,‰F¡s,182781,152,2018-01-01,262048
18,‹{’Ãs,17583,31,2018-01-01,262056
19,‹T‰ªs,88170,81,2018-01-01,262064
20,é—zs,75612,57,2018-01-01,262072
21,Œü“ús,55819,46,2018-01-01,262081
22,’·‰ª‹s,80488,71,2018-01-01,262099
23,”ª”¦s,71718,59,2018-01-01,262102
24,‹“c•Ós,72595,43,2018-01-01,262111
25,‹’OŒãs,53222,84,2018-01-01,262129
26,“ì’Os,32431,43,2018-01-01,262137
27,–Ø’Ãìs,75221,51,2018-01-01,262145
28,ŒS•”Œv,128558,136,2018-01-01,none
29,‰³ŒPŒS,15525,8,2018-01-01,none
30,‹v¢ŒS,15597,9,2018-01-01,none
31,’ÔŠìŒS,7694,6,2018-01-01,none
32,nan,9076,10,2018-01-01,none
33,‘ŠŠyŒS,1274,3,2018-01-01,none
34,nan,3765,7,2018-01-01,none
35,nan,36403,30,2018-01-01,none
36,nan,2543,4,2018-01-01,none
37,‘DˆäŒS,13700,26,2018-01-01,none
38,—^ÓŒS,1973,7,2018-01-01,none
39,nan,21008,26,2018-01-01,none
40,iQlj,93786,148,2018-01-01,none
41,nan,192723,272,2018-01-01,none
42,nan,134301,150,2018-01-01,none
43,nan,1471722,1229,2018-01-01,none
44,nan,706111,556,2018-01-01,none
45,nan,151832,125,2018-01-01,none
46,nan,435073,336,2018-01-01,none
47,nan,119206,95,2018-01-01,none
48,‹vŒäR’¬,15597,9,2018-01-01,263222
49,ˆäè’¬,7694,6,2018-01-01,263435
50,‰F¡“cŒ´’¬,9076,10,2018-01-01,263443
51,Š}’u’¬,1274,3,2018-01-01,263648
52,˜a‘©’¬,3765,7,2018-01-01,263656
53,¸‰Ø’¬,36403,30,2018-01-01,263664
54,“ìRé‘º,2543,4,2018-01-01,263672
55,‹’O”g’¬,13700,26,2018-01-01,264075
56,ˆÉª’¬,1973,7,2018-01-01,264636
57,—^Ó–ì’¬,21008,26,2018-01-01,264652
58,’OŒã’nˆæ,93786,148,2018-01-01,none
59,‹“s•{,2596890,2833,2018-02-01,260002
60,‹“ss,1470627,1571,2018-02-01,261009
61,nan,118522,118,2018-02-01,none
62,nan,84813,94,2018-02-01,none
63,nan,168218,149,2018-02-01,none
64,nan,110854,114,2018-02-01,none
65,nan,37733,66,2018-02-01,none
66,nan,134610,152,2018-02-01,none
67,nan,82557,96,2018-02-01,none
68,nan,101071,100,2018-02-01,none
69,nan,203842,204,2018-02-01,none
70,nan,149709,158,2018-02-01,none
71,nan,278698,320,2018-02-01,none
72,‚P‚SsŒv,997871,1083,2018-02-01,none
73,•Ÿ’mRs,77912,106,2018-02-01,262013
74,•‘’ßs,81831,101,2018-02-01,262021
75,ˆ»•”s,32785,52,2018-02-01,262030
76,‰F¡s,182619,189,2018-02-01,262048
77,‹{’Ãs,17569,27,2018-02-01,262056
78,‹T‰ªs,88080,106,2018-02-01,262064
79,é—zs,75589,89,2018-02-01,262072
80,Œü“ús,55806,43,2018-02-01,262081
81,’·‰ª‹s,80530,70,2018-02-01,262099
82,”ª”¦s,71710,60,2018-02-01,262102
83,‹“c•Ós,72631,56,2018-02-01,262111
84,‹’OŒãs,53126,80,2018-02-01,262129
85,“ì’Os,32425,44,2018-02-01,262137
86,–Ø’Ãìs,75258,60,2018-02-01,262145
87,ŒS•”Œv,128392,179,2018-02-01,none
88,‰³ŒPŒS,15520,17,2018-02-01,none
89,‹v¢ŒS,15579,20,2018-02-01,none
90,’ÔŠìŒS,7684,10,2018-02-01,none
91,nan,9079,10,2018-02-01,none
92,‘ŠŠyŒS,1269,5,2018-02-01,none
93,nan,3750,9,2018-02-01,none
94,nan,36375,29,2018-02-01,none
95,nan,2533,7,2018-02-01,none
96,‘DˆäŒS,13664,32,2018-02-01,none
97,—^ÓŒS,1970,3,2018-02-01,none
98,nan,20969,37,2018-02-01,none
99,iQlj,93634,147,2018-02-01,none
100,nan,192528,259,2018-02-01,none
101,nan,134169,182,2018-02-01,none
102,nan,1470627,1571,2018-02-01,none
103,nan,705932,674,2018-02-01,none
104,nan,151856,130,2018-02-01,none
105,nan,434891,434,2018-02-01,none
106,nan,119185,110,2018-02-01,none
107,‹vŒäR’¬,15579,20,2018-02-01,263222
108,ˆäè’¬,7684,10,2018-02-01,263435
109,‰F¡“cŒ´’¬,9079,10,2018-02-01,263443
110,Š}’u’¬,1269,5,2018-02-01,263648
111,˜a‘©’¬,3750,9,2018-02-01,263656
112,¸‰Ø’¬,36375,29,2018-02-01,263664
113,“ìRé‘º,2533,7,2018-02-01,263672
114,‹’O”g’¬,13664,32,2018-02-01,264075
115,ˆÉª’¬,1970,3,2018-02-01,264636
116,—^Ó–ì’¬,20969,37,2018-02-01,264652
117,’OŒã’nˆæ,93634,147,2018-02-01,none
118,‹“s•{,2594599,2527,2018-03-01,260002
119,‹“ss,1468963,1369,2018-03-01,261009
120,nan,118382,119,2018-03-01,none
121,nan,84606,86,2018-03-01,none
122,nan,167932,153,2018-03-01,none
123,nan,110745,107,2018-03-01,none
124,nan,37631,38,2018-03-01,none
125,nan,134515,138,2018-03-01,none
126,nan,82538,64,2018-03-01,none
127,nan,100962,90,2018-03-01,none
128,nan,203674,190,2018-03-01,none
129,nan,149492,115,2018-03-01,none
130,nan,278486,269,2018-03-01,none
131,‚P‚SsŒv,997366,1024,2018-03-01,none
132,•Ÿ’mRs,77879,106,2018-03-01,262013
133,•‘’ßs,81732,106,2018-03-01,262021
134,ˆ»•”s,32721,60,2018-03-01,262030
135,‰F¡s,182539,170,2018-03-01,262048
136,‹{’Ãs,17532,26,2018-03-01,262056
137,‹T‰ªs,88012,59,2018-03-01,262064
138,é—zs,75526,78,2018-03-01,262072
139,Œü“ús,55886,40,2018-03-01,262081
140,’·‰ª‹s,80462,70,2018-03-01,262099
141,”ª”¦s,71689,77,2018-03-01,262102
142,‹“c•Ós,72642,55,2018-03-01,262111
143,‹’OŒãs,53045,79,2018-03-01,262129
144,“ì’Os,32340,43,2018-03-01,262137
145,–Ø’Ãìs,75361,55,2018-03-01,262145
146,ŒS•”Œv,128270,134,2018-03-01,none
147,‰³ŒPŒS,15535,11,2018-03-01,none
148,‹v¢ŒS,15552,16,2018-03-01,none
149,’ÔŠìŒS,7685,9,2018-03-01,none
150,nan,9062,12,2018-03-01,none
151,‘ŠŠyŒS,1265,2,2018-03-01,none
152,nan,3743,2,2018-03-01,none
153,nan,36361,17,2018-03-01,none
154,nan,2528,5,2018-03-01,none
155,‘DˆäŒS,13630,30,2018-03-01,none
156,—^ÓŒS,1965,5,2018-03-01,none
157,nan,20944,25,2018-03-01,none
158,iQlj,93486,135,2018-03-01,none
159,nan,192332,272,2018-03-01,none
160,nan,133982,132,2018-03-01,none
161,nan,1468963,1369,2018-03-01,none
162,nan,705836,619,2018-03-01,none
163,nan,151883,121,2018-03-01,none
164,nan,434695,417,2018-03-01,none
165,nan,119258,81,2018-03-01,none
166,‹vŒäR’¬,15552,16,2018-03-01,263222
167,ˆäè’¬,7685,9,2018-03-01,263435
168,‰F¡“cŒ´’¬,9062,12,2018-03-01,263443
169,Š}’u’¬,1265,2,2018-03-01,263648
170,˜a‘©’¬,3743,2,2018-03-01,263656
171,¸‰Ø’¬,36361,17,2018-03-01,263664
172,“ìRé‘º,2528,5,2018-03-01,263672
173,‹’O”g’¬,13630,30,2018-03-01,264075
174,ˆÉª’¬,1965,5,2018-03-01,264636
175,—^Ó–ì’¬,20944,25,2018-03-01,264652
176,’OŒã’nˆæ,93486,135,2018-03-01,none
177,‹“s•{,2589961,2404,2018-04-01,260002
178,‹“ss,1466937,1330,2018-04-01,261009
179,nan,118451,100,2018-04-01,none
180,nan,84558,90,2018-04-01,none
181,nan,167411,148,2018-04-01,none
182,nan,110678,100,2018-04-01,none
183,nan,37584,45,2018-04-01,none
184,nan,134260,143,2018-04-01,none
185,nan,82559,72,2018-04-01,none
186,nan,100970,93,2018-04-01,none
187,nan,203592,176,2018-04-01,none
188,nan,149247,123,2018-04-01,none
189,nan,277627,240,2018-04-01,none
190,‚P‚SsŒv,995141,928,2018-04-01,none
191,•Ÿ’mRs,77548,87,2018-04-01,262013
192,•‘’ßs,80903,103,2018-04-01,262021
193,ˆ»•”s,32614,46,2018-04-01,262030
194,‰F¡s,182353,152,2018-04-01,262048
195,‹{’Ãs,17425,31,2018-04-01,262056
196,‹T‰ªs,87794,73,2018-04-01,262064
197,é—zs,75421,81,2018-04-01,262072
198,Œü“ús,56048,44,2018-04-01,262081
199,’·‰ª‹s,80505,65,2018-04-01,262099
200,”ª”¦s,71584,48,2018-04-01,262102
201,‹“c•Ós,72725,45,2018-04-01,262111
202,‹’OŒãs,52725,73,2018-04-01,262129
203,“ì’Os,32207,37,2018-04-01,262137
204,–Ø’Ãìs,75289,43,2018-04-01,262145
205,ŒS•”Œv,127883,146,2018-04-01,none
206,‰³ŒPŒS,15517,14,2018-04-01,none
207,‹v¢ŒS,15536,18,2018-04-01,none
208,’ÔŠìŒS,7661,14,2018-04-01,none
209,nan,9054,10,2018-04-01,none
210,‘ŠŠyŒS,1257,2,2018-04-01,none
211,nan,3719,4,2018-04-01,none
212,nan,36290,20,2018-04-01,none
213,nan,2533,2,2018-04-01,none
214,‘DˆäŒS,13564,25,2018-04-01,none
215,—^ÓŒS,1962,6,2018-04-01,none
216,nan,20790,31,2018-04-01,none
217,iQlj,92902,141,2018-04-01,none
218,nan,191065,236,2018-04-01,none
219,nan,133565,135,2018-04-01,none
220,nan,1466937,1330,2018-04-01,none
221,nan,705492,562,2018-04-01,none
222,nan,152070,123,2018-04-01,none
223,nan,434334,368,2018-04-01,none
224,nan,119088,71,2018-04-01,none
225,‹vŒäR’¬,15536,18,2018-04-01,263222
226,ˆäè’¬,7661,14,2018-04-01,263435
227,‰F¡“cŒ´’¬,9054,10,2018-04-01,263443
228,Š}’u’¬,1257,2,2018-04-01,263648
229,˜a‘©’¬,3719,4,2018-04-01,263656
230,¸‰Ø’¬,36290,20,2018-04-01,263664
231,“ìRé‘º,2533,2,2018-04-01,263672
232,‹’O”g’¬,13564,25,2018-04-01,264075
233,ˆÉª’¬,1962,6,2018-04-01,264636
234,—^Ó–ì’¬,20790,31,2018-04-01,264652
235,’OŒã’nˆæ,92902,141,2018-04-01,none
236,‹“s•{,2595490,2076,2018-05-01,260002
237,‹“ss,1471237,1134,2018-05-01,261009
238,nan,118786,99,2018-05-01,none
239,nan,84995,67,2018-05-01,none
240,nan,168307,132,2018-05-01,none
241,nan,111016,71,2018-05-01,none
242,nan,37603,31,2018-05-01,none
243,nan,134516,106,2018-05-01,none
244,nan,82802,69,2018-05-01,none
245,nan,101215,79,2018-05-01,none
246,nan,203883,155,2018-05-01,none
247,nan,149435,96,2018-05-01,none
248,nan,278679,229,2018-05-01,none
249,‚P‚SsŒv,996497,827,2018-05-01,none
250,•Ÿ’mRs,77662,81,2018-05-01,262013
251,•‘’ßs,81525,81,2018-05-01,262021
252,ˆ»•”s,32624,29,2018-05-01,262030
253,‰F¡s,182444,139,2018-05-01,262048
254,‹{’Ãs,17436,31,2018-05-01,262056
255,‹T‰ªs,87712,66,2018-05-01,262064
256,é—zs,75348,67,2018-05-01,262072
257,Œü“ús,56265,34,2018-05-01,262081
258,’·‰ª‹s,80609,44,2018-05-01,262099
259,”ª”¦s,71493,64,2018-05-01,262102
260,‹“c•Ós,72945,30,2018-05-01,262111
261,‹’OŒãs,52706,70,2018-05-01,262129
262,“ì’Os,32318,37,2018-05-01,262137
263,–Ø’Ãìs,75410,54,2018-05-01,262145
264,ŒS•”Œv,127756,115,2018-05-01,none
265,‰³ŒPŒS,15538,6,2018-05-01,none
266,‹v¢ŒS,15518,16,2018-05-01,none
267,’ÔŠìŒS,7634,11,2018-05-01,none
268,nan,9065,10,2018-05-01,none
269,‘ŠŠyŒS,1251,3,2018-05-01,none
270,nan,3713,7,2018-05-01,none
271,nan,36229,18,2018-05-01,none
272,nan,2522,1,2018-05-01,none
273,‘DˆäŒS,13539,20,2018-05-01,none
274,—^ÓŒS,1965,0,2018-05-01,none
275,nan,20782,23,2018-05-01,none
276,iQlj,92889,124,2018-05-01,none
277,nan,191811,191,2018-05-01,none
278,nan,133569,123,2018-05-01,none
279,nan,1471237,1134,2018-05-01,none
280,nan,705984,504,2018-05-01,none
281,nan,152412,84,2018-05-01,none
282,nan,434447,337,2018-05-01,none
283,nan,119125,83,2018-05-01,none
284,‹vŒäR’¬,15518,16,2018-05-01,263222
285,ˆäè’¬,7634,11,2018-05-01,263435
286,‰F¡“cŒ´’¬,9065,10,2018-05-01,263443
287,Š}’u’¬,1251,3,2018-05-01,263648
288,˜a‘©’¬,3713,7,2018-05-01,263656
289,¸‰Ø’¬,36229,18,2018-05-01,263664
290,“ìRé‘º,2522,1,2018-05-01,263672
291,‹’O”g’¬,13539,20,2018-05-01,264075
292,ˆÉª’¬,1965,0,2018-05-01,264636
293,—^Ó–ì’¬,20782,23,2018-05-01,264652
294,’OŒã’nˆæ,92889,124,2018-05-01,none
295,‹“s•{,2594829,2323,2018-06-01,260002
296,‹“ss,1470782,1306,2018-06-01,261009
297,nan,118674,100,2018-06-01,none
298,nan,84955,84,2018-06-01,none
299,nan,168220,151,2018-06-01,none
300,nan,111064,95,2018-06-01,none
301,nan,37569,42,2018-06-01,none
302,nan,134420,101,2018-06-01,none
303,nan,82784,66,2018-06-01,none
304,nan,101299,81,2018-06-01,none
305,nan,203860,204,2018-06-01,none
306,nan,149296,119,2018-06-01,none
307,nan,278641,263,2018-06-01,none
308,‚P‚SsŒv,996407,894,2018-06-01,none
309,•Ÿ’mRs,77620,77,2018-06-01,262013
310,•‘’ßs,81434,74,2018-06-01,262021
311,ˆ»•”s,32623,39,2018-06-01,262030
312,‰F¡s,182363,181,2018-06-01,262048
313,‹{’Ãs,17411,30,2018-06-01,262056
314,‹T‰ªs,87689,70,2018-06-01,262064
315,é—zs,75312,82,2018-06-01,262072
316,Œü“ús,56329,43,2018-06-01,262081
317,’·‰ª‹s,80636,58,2018-06-01,262099
318,”ª”¦s,71499,55,2018-06-01,262102
319,‹“c•Ós,73019,41,2018-06-01,262111
320,‹’OŒãs,52659,63,2018-06-01,262129
321,“ì’Os,32332,31,2018-06-01,262137
322,–Ø’Ãìs,75481,50,2018-06-01,262145
323,ŒS•”Œv,127640,123,2018-06-01,none
324,‰³ŒPŒS,15547,11,2018-06-01,none
325,‹v¢ŒS,15516,15,2018-06-01,none
326,’ÔŠìŒS,7609,6,2018-06-01,none
327,nan,9051,12,2018-06-01,none
328,‘ŠŠyŒS,1246,1,2018-06-01,none
329,nan,3707,4,2018-06-01,none
330,nan,36233,20,2018-06-01,none
331,nan,2514,5,2018-06-01,none
332,‘DˆäŒS,13500,19,2018-06-01,none
333,—^ÓŒS,1965,3,2018-06-01,none
334,nan,20752,27,2018-06-01,none
335,iQlj,92787,123,2018-06-01,none
336,nan,191677,190,2018-06-01,none
337,nan,133521,120,2018-06-01,none
338,nan,1470782,1306,2018-06-01,none
339,nan,706062,584,2018-06-01,none
340,nan,152512,112,2018-06-01,none
341,nan,434369,392,2018-06-01,none
342,nan,119181,80,2018-06-01,none
343,‹vŒäR’¬,15516,15,2018-06-01,263222
344,ˆäè’¬,7609,6,2018-06-01,263435
345,‰F¡“cŒ´’¬,9051,12,2018-06-01,263443
346,Š}’u’¬,1246,1,2018-06-01,263648
347,˜a‘©’¬,3707,4,2018-06-01,263656
348,¸‰Ø’¬,36233,20,2018-06-01,263664
349,“ìRé‘º,2514,5,2018-06-01,263672
350,‹’O”g’¬,13500,19,2018-06-01,264075
351,ˆÉª’¬,1965,3,2018-06-01,264636
352,—^Ó–ì’¬,20752,27,2018-06-01,264652
353,’OŒã’nˆæ,92787,123,2018-06-01,none
354,‹“s•{,2594280,1846,2018-07-01,260002
355,‹“ss,1470544,981,2018-07-01,261009
356,nan,118666,84,2018-07-01,none
357,nan,84883,60,2018-07-01,none
358,nan,168203,121,2018-07-01,none
359,nan,111071,66,2018-07-01,none
360,nan,37539,36,2018-07-01,none
361,nan,134436,88,2018-07-01,none
362,nan,82785,57,2018-07-01,none
363,nan,101285,71,2018-07-01,none
364,nan,203895,112,2018-07-01,none
365,nan,149187,95,2018-07-01,none
366,nan,278594,191,2018-07-01,none
367,‚P‚SsŒv,996228,754,2018-07-01,none
368,•Ÿ’mRs,77557,60,2018-07-01,262013
369,•‘’ßs,81382,76,2018-07-01,262021
370,ˆ»•”s,32611,26,2018-07-01,262030
371,‰F¡s,182345,120,2018-07-01,262048
372,‹{’Ãs,17434,22,2018-07-01,262056
373,‹T‰ªs,87625,72,2018-07-01,262064
374,é—zs,75281,60,2018-07-01,262072
375,Œü“ús,56347,37,2018-07-01,262081
376,’·‰ª‹s,80661,59,2018-07-01,262099
377,”ª”¦s,71441,48,2018-07-01,262102
378,‹“c•Ós,73016,34,2018-07-01,262111
379,‹’OŒãs,52650,61,2018-07-01,262129
380,“ì’Os,32307,32,2018-07-01,262137
381,–Ø’Ãìs,75571,47,2018-07-01,262145
382,ŒS•”Œv,127508,111,2018-07-01,none
383,‰³ŒPŒS,15540,9,2018-07-01,none
384,‹v¢ŒS,15511,11,2018-07-01,none
385,’ÔŠìŒS,7604,6,2018-07-01,none
386,nan,9042,10,2018-07-01,none
387,‘ŠŠyŒS,1239,4,2018-07-01,none
388,nan,3698,6,2018-07-01,none
389,nan,36226,16,2018-07-01,none
390,nan,2506,4,2018-07-01,none
391,‘DˆäŒS,13483,17,2018-07-01,none
392,—^ÓŒS,1960,1,2018-07-01,none
393,nan,20699,27,2018-07-01,none
394,iQlj,92743,111,2018-07-01,none
395,nan,191550,162,2018-07-01,none
396,nan,133415,121,2018-07-01,none
397,nan,1470544,981,2018-07-01,none
398,nan,706028,471,2018-07-01,none
399,nan,152548,105,2018-07-01,none
400,nan,434240,289,2018-07-01,none
401,nan,119240,77,2018-07-01,none
402,‹vŒäR’¬,15511,11,2018-07-01,263222
403,ˆäè’¬,7604,6,2018-07-01,263435
404,‰F¡“cŒ´’¬,9042,10,2018-07-01,263443
405,Š}’u’¬,1239,4,2018-07-01,263648
406,˜a‘©’¬,3698,6,2018-07-01,263656
407,¸‰Ø’¬,36226,16,2018-07-01,263664
408,“ìRé‘º,2506,4,2018-07-01,263672
409,‹’O”g’¬,13483,17,2018-07-01,264075
410,ˆÉª’¬,1960,1,2018-07-01,264636
411,—^Ó–ì’¬,20699,27,2018-07-01,264652
412,’OŒã’nˆæ,92743,111,2018-07-01,none
413,‹“s•{,2593249,2198,2018-08-01,260002
414,‹“ss,1469653,1268,2018-08-01,261009
415,nan,118450,102,2018-08-01,none
416,nan,84728,82,2018-08-01,none
417,nan,168035,156,2018-08-01,none
418,nan,110927,82,2018-08-01,none
419,nan,37474,47,2018-08-01,none
420,nan,134428,125,2018-08-01,none
421,nan,82759,76,2018-08-01,none
422,nan,101252,94,2018-08-01,none
423,nan,203911,159,2018-08-01,none
424,nan,149080,120,2018-08-01,none
425,nan,278609,225,2018-08-01,none
426,‚P‚SsŒv,996150,797,2018-08-01,none
427,•Ÿ’mRs,77564,74,2018-08-01,262013
428,•‘’ßs,81284,81,2018-08-01,262021
429,ˆ»•”s,32612,51,2018-08-01,262030
430,‰F¡s,182261,138,2018-08-01,262048
431,‹{’Ãs,17422,24,2018-08-01,262056
432,‹T‰ªs,87645,45,2018-08-01,262064
433,é—zs,75219,73,2018-08-01,262072
434,Œü“ús,56374,38,2018-08-01,262081
435,’·‰ª‹s,80622,59,2018-08-01,262099
436,”ª”¦s,71438,55,2018-08-01,262102
437,‹“c•Ós,73083,28,2018-08-01,262111
438,‹’OŒãs,52641,52,2018-08-01,262129
439,“ì’Os,32318,32,2018-08-01,262137
440,–Ø’Ãìs,75667,47,2018-08-01,262145
441,ŒS•”Œv,127446,133,2018-08-01,none
442,‰³ŒPŒS,15576,13,2018-08-01,none
443,‹v¢ŒS,15490,10,2018-08-01,none
444,’ÔŠìŒS,7614,13,2018-08-01,none
445,nan,9035,6,2018-08-01,none
446,‘ŠŠyŒS,1230,3,2018-08-01,none
447,nan,3695,4,2018-08-01,none
448,nan,36228,25,2018-08-01,none
449,nan,2498,3,2018-08-01,none
450,‘DˆäŒS,13460,18,2018-08-01,none
451,—^ÓŒS,1957,2,2018-08-01,none
452,nan,20663,36,2018-08-01,none
453,iQlj,92683,114,2018-08-01,none
454,nan,191460,206,2018-08-01,none
455,nan,133423,95,2018-08-01,none
456,nan,1469653,1268,2018-08-01,none
457,nan,706030,515,2018-08-01,none
458,nan,152572,110,2018-08-01,none
459,nan,434140,323,2018-08-01,none
460,nan,119318,82,2018-08-01,none
461,‹vŒäR’¬,15490,10,2018-08-01,263222
462,ˆäè’¬,7614,13,2018-08-01,263435
463,‰F¡“cŒ´’¬,9035,6,2018-08-01,263443
464,Š}’u’¬,1230,3,2018-08-01,263648
465,˜a‘©’¬,3695,4,2018-08-01,263656
466,¸‰Ø’¬,36228,25,2018-08-01,263664
467,“ìRé‘º,2498,3,2018-08-01,263672
468,‹’O”g’¬,13460,18,2018-08-01,264075
469,ˆÉª’¬,1957,2,2018-08-01,264636
470,—^Ó–ì’¬,20663,36,2018-08-01,264652
471,’OŒã’nˆæ,92683,114,2018-08-01,none
472,‹“s•{,2591848,2065,2018-09-01,260002
473,‹“ss,1468454,1149,2018-09-01,261009
474,nan,118324,113,2018-09-01,none
475,nan,84518,75,2018-09-01,none
476,nan,167732,125,2018-09-01,none
477,nan,110831,96,2018-09-01,none
478,nan,37435,40,2018-09-01,none
479,nan,134308,103,2018-09-01,none
480,nan,82684,51,2018-09-01,none
481,nan,101274,78,2018-09-01,none
482,nan,203821,143,2018-09-01,none
483,nan,149150,101,2018-09-01,none
484,nan,278377,224,2018-09-01,none
485,‚P‚SsŒv,995829,810,2018-09-01,none
486,•Ÿ’mRs,77515,68,2018-09-01,262013
487,•‘’ßs,81032,84,2018-09-01,262021
488,ˆ»•”s,32603,33,2018-09-01,262030
489,‰F¡s,182189,145,2018-09-01,262048
490,‹{’Ãs,17404,23,2018-09-01,262056
491,‹T‰ªs,87683,72,2018-09-01,262064
492,é—zs,75211,55,2018-09-01,262072
493,Œü“ús,56402,38,2018-09-01,262081
494,’·‰ª‹s,80608,49,2018-09-01,262099
495,”ª”¦s,71422,42,2018-09-01,262102
496,‹“c•Ós,73135,45,2018-09-01,262111
497,‹’OŒãs,52579,69,2018-09-01,262129
498,“ì’Os,32280,39,2018-09-01,262137
499,–Ø’Ãìs,75766,48,2018-09-01,262145
500,ŒS•”Œv,127565,106,2018-09-01,none
501,‰³ŒPŒS,15602,12,2018-09-01,none
502,‹v¢ŒS,15548,10,2018-09-01,none
503,’ÔŠìŒS,7623,8,2018-09-01,none
504,nan,9047,6,2018-09-01,none
505,‘ŠŠyŒS,1229,0,2018-09-01,none
506,nan,3684,7,2018-09-01,none
507,nan,36290,20,2018-09-01,none
508,nan,2496,1,2018-09-01,none
509,‘DˆäŒS,13458,17,2018-09-01,none
510,—^ÓŒS,1954,4,2018-09-01,none
511,nan,20634,21,2018-09-01,none
512,iQlj,92571,117,2018-09-01,none
513,nan,191150,185,2018-09-01,none
514,nan,133421,128,2018-09-01,none
515,nan,1468454,1149,2018-09-01,none
516,nan,706252,486,2018-09-01,none
517,nan,152612,99,2018-09-01,none
518,nan,434175,311,2018-09-01,none
519,nan,119465,76,2018-09-01,none
520,‹vŒäR’¬,15548,10,2018-09-01,263222
521,ˆäè’¬,7623,8,2018-09-01,263435
522,‰F¡“cŒ´’¬,9047,6,2018-09-01,263443
523,Š}’u’¬,1229,0,2018-09-01,263648
524,˜a‘©’¬,3684,7,2018-09-01,263656
525,¸‰Ø’¬,36290,20,2018-09-01,263664
526,“ìRé‘º,2496,1,2018-09-01,263672
527,‹’O”g’¬,13458,17,2018-09-01,264075
528,ˆÉª’¬,1954,4,2018-09-01,264636
529,—^Ó–ì’¬,20634,21,2018-09-01,264652
530,’OŒã’nˆæ,92571,117,2018-09-01,none
531,‹“s•{,2591779,1939,2018-10-01,260002
532,‹“ss,1468980,1067,2018-10-01,261009
533,nan,118492,83,2018-10-01,none
534,nan,84620,66,2018-10-01,none
535,nan,167932,123,2018-10-01,none
536,nan,110834,80,2018-10-01,none
537,nan,37400,37,2018-10-01,none
538,nan,134366,97,2018-10-01,none
539,nan,82717,53,2018-10-01,none
540,nan,101196,70,2018-10-01,none
541,nan,203992,153,2018-10-01,none
542,nan,149166,101,2018-10-01,none
543,nan,278265,204,2018-10-01,none
544,‚P‚SsŒv,995290,783,2018-10-01,none
545,•Ÿ’mRs,77468,86,2018-10-01,262013
546,•‘’ßs,80721,79,2018-10-01,262021
547,ˆ»•”s,32579,32,2018-10-01,262030
548,‰F¡s,182170,102,2018-10-01,262048
549,‹{’Ãs,17384,32,2018-10-01,262056
550,‹T‰ªs,87648,59,2018-10-01,262064
551,é—zs,75146,59,2018-10-01,262072
552,Œü“ús,56394,34,2018-10-01,262081
553,’·‰ª‹s,80562,47,2018-10-01,262099
554,”ª”¦s,71420,53,2018-10-01,262102
555,‹“c•Ós,73196,41,2018-10-01,262111
556,‹’OŒãs,52554,66,2018-10-01,262129
557,“ì’Os,32237,45,2018-10-01,262137
558,–Ø’Ãìs,75811,48,2018-10-01,262145
559,ŒS•”Œv,127509,89,2018-10-01,none
560,‰³ŒPŒS,15603,7,2018-10-01,none
561,‹v¢ŒS,15552,8,2018-10-01,none
562,’ÔŠìŒS,7623,7,2018-10-01,none
563,nan,9046,7,2018-10-01,none
564,‘ŠŠyŒS,1225,3,2018-10-01,none
565,nan,3674,4,2018-10-01,none
566,nan,36263,22,2018-10-01,none
567,nan,2492,5,2018-10-01,none
568,‘DˆäŒS,13447,8,2018-10-01,none
569,—^ÓŒS,1948,3,2018-10-01,none
570,nan,20636,15,2018-10-01,none
571,iQlj,92522,116,2018-10-01,none
572,nan,190768,197,2018-10-01,none
573,nan,133332,112,2018-10-01,none
574,nan,1468980,1067,2018-10-01,none
575,nan,706177,447,2018-10-01,none
576,nan,152559,88,2018-10-01,none
577,nan,434153,277,2018-10-01,none
578,nan,119465,82,2018-10-01,none
579,‹vŒäR’¬,15552,8,2018-10-01,263222
580,ˆäè’¬,7623,7,2018-10-01,263435
581,‰F¡“cŒ´’¬,9046,7,2018-10-01,263443
582,Š}’u’¬,1225,3,2018-10-01,263648
583,˜a‘©’¬,3674,4,2018-10-01,263656
584,¸‰Ø’¬,36263,22,2018-10-01,263664
585,“ìRé‘º,2492,5,2018-10-01,263672
586,‹’O”g’¬,13447,8,2018-10-01,264075
587,ˆÉª’¬,1948,3,2018-10-01,264636
588,—^Ó–ì’¬,20636,15,2018-10-01,264652
589,’OŒã’nˆæ,92522,116,2018-10-01,none
590,‹“s•{,2592553,2300,2018-11-01,260002
591,‹“ss,1469638,1309,2018-11-01,261009
592,nan,118512,100,2018-11-01,none
593,nan,84652,75,2018-11-01,none
594,nan,168086,159,2018-11-01,none
595,nan,110900,78,2018-11-01,none
596,nan,37336,55,2018-11-01,none
597,nan,134404,98,2018-11-01,none
598,nan,82804,69,2018-11-01,none
599,nan,101206,86,2018-11-01,none
600,nan,204052,186,2018-11-01,none
601,nan,149247,112,2018-11-01,none
602,nan,278439,291,2018-11-01,none
603,‚P‚SsŒv,995505,858,2018-11-01,none
604,•Ÿ’mRs,77410,76,2018-11-01,262013
605,•‘’ßs,80990,82,2018-11-01,262021
606,ˆ»•”s,32565,49,2018-11-01,262030
607,‰F¡s,182176,139,2018-11-01,262048
608,‹{’Ãs,17360,32,2018-11-01,262056
609,‹T‰ªs,87576,74,2018-11-01,262064
610,é—zs,75097,74,2018-11-01,262072
611,Œü“ús,56395,51,2018-11-01,262081
612,’·‰ª‹s,80648,46,2018-11-01,262099
613,”ª”¦s,71422,64,2018-11-01,262102
614,‹“c•Ós,73225,27,2018-11-01,262111
615,‹’OŒãs,52521,71,2018-11-01,262129
616,“ì’Os,32200,43,2018-11-01,262137
617,–Ø’Ãìs,75920,30,2018-11-01,262145
618,ŒS•”Œv,127410,133,2018-11-01,none
619,‰³ŒPŒS,15607,9,2018-11-01,none
620,‹v¢ŒS,15534,12,2018-11-01,none
621,’ÔŠìŒS,7610,14,2018-11-01,none
622,nan,9023,13,2018-11-01,none
623,‘ŠŠyŒS,1221,1,2018-11-01,none
624,nan,3671,7,2018-11-01,none
625,nan,36270,24,2018-11-01,none
626,nan,2491,2,2018-11-01,none
627,‘DˆäŒS,13434,17,2018-11-01,none
628,—^ÓŒS,1944,5,2018-11-01,none
629,nan,20605,29,2018-11-01,none
630,iQlj,92430,137,2018-11-01,none
631,nan,190965,207,2018-11-01,none
632,nan,133210,134,2018-11-01,none
633,nan,1469638,1309,2018-11-01,none
634,nan,706310,513,2018-11-01,none
635,nan,152650,106,2018-11-01,none
636,nan,434087,343,2018-11-01,none
637,nan,119573,64,2018-11-01,none
638,‹vŒäR’¬,15534,12,2018-11-01,263222
639,ˆäè’¬,7610,14,2018-11-01,263435
640,‰F¡“cŒ´’¬,9023,13,2018-11-01,263443
641,Š}’u’¬,1221,1,2018-11-01,263648
642,˜a‘©’¬,3671,7,2018-11-01,263656
643,¸‰Ø’¬,36270,24,2018-11-01,263664
644,“ìRé‘º,2491,2,2018-11-01,263672
645,‹’O”g’¬,13434,17,2018-11-01,264075
646,ˆÉª’¬,1944,5,2018-11-01,264636
647,—^Ó–ì’¬,20605,29,2018-11-01,264652
648,’OŒã’nˆæ,92430,137,2018-11-01,none
649,‹“s•{,2591898,2287,2018-12-01,260002
650,‹“ss,1469295,1247,2018-12-01,261009
651,nan,118431,93,2018-12-01,none
652,nan,84613,84,2018-12-01,none
653,nan,168086,152,2018-12-01,none
654,nan,110906,79,2018-12-01,none
655,nan,37270,49,2018-12-01,none
656,nan,134424,113,2018-12-01,none
657,nan,82818,74,2018-12-01,none
658,nan,101118,67,2018-12-01,none
659,nan,203968,180,2018-12-01,none
660,nan,149289,100,2018-12-01,none
661,nan,278372,256,2018-12-01,none
662,‚P‚SsŒv,995230,916,2018-12-01,none
663,•Ÿ’mRs,77332,90,2018-12-01,262013
664,•‘’ßs,80920,102,2018-12-01,262021
665,ˆ»•”s,32530,49,2018-12-01,262030
666,‰F¡s,182166,145,2018-12-01,262048
667,‹{’Ãs,17329,27,2018-12-01,262056
668,‹T‰ªs,87530,71,2018-12-01,262064
669,é—zs,75060,74,2018-12-01,262072
670,Œü“ús,56399,39,2018-12-01,262081
671,’·‰ª‹s,80691,45,2018-12-01,262099
672,”ª”¦s,71413,48,2018-12-01,262102
673,‹“c•Ós,73218,52,2018-12-01,262111
674,‹’OŒãs,52463,85,2018-12-01,262129
675,“ì’Os,32165,41,2018-12-01,262137
676,–Ø’Ãìs,76014,48,2018-12-01,262145
677,ŒS•”Œv,127373,124,2018-12-01,none
678,‰³ŒPŒS,15611,19,2018-12-01,none
679,‹v¢ŒS,15530,8,2018-12-01,none
680,’ÔŠìŒS,7620,7,2018-12-01,none
681,nan,9026,12,2018-12-01,none
682,‘ŠŠyŒS,1217,2,2018-12-01,none
683,nan,3665,1,2018-12-01,none
684,nan,36284,22,2018-12-01,none
685,nan,2484,5,2018-12-01,none
686,‘DˆäŒS,13416,20,2018-12-01,none
687,—^ÓŒS,1943,1,2018-12-01,none
688,nan,20577,27,2018-12-01,none
689,iQlj,92312,140,2018-12-01,none
690,nan,190782,241,2018-12-01,none
691,nan,133111,132,2018-12-01,none
692,nan,1469295,1247,2018-12-01,none
693,nan,706398,527,2018-12-01,none
694,nan,152701,103,2018-12-01,none
695,nan,434033,346,2018-12-01,none
696,nan,119664,78,2018-12-01,none
697,‹vŒäR’¬,15530,8,2018-12-01,263222
698,ˆäè’¬,7620,7,2018-12-01,263435
699,‰F¡“cŒ´’¬,9026,12,2018-12-01,263443
700,Š}’u’¬,1217,2,2018-12-01,263648
701,˜a‘©’¬,3665,1,2018-12-01,263656
702,¸‰Ø’¬,36284,22,2018-12-01,263664
703,“ìRé‘º,2484,5,2018-12-01,263672
704,‹’O”g’¬,13416,20,2018-12-01,264075
705,ˆÉª’¬,1943,1,2018-12-01,264636
706,—^Ó–ì’¬,20577,27,2018-12-01,264652
707,’OŒã’nˆæ,92312,140,2018-12-01,none
